SiO2med,Al2O3med,Fe2O3Tmed,MnOmed,CaOmed,MgOmed,K2Omed,Na2Omed,TiO2med,P2O5Tmed,LOImed,SiO2mean,Al2O3mean,Fe2O3Tmean,MnOmean,CaOmean,MgOmean,K2Omean,Na2Omean,TiO2mean,P2O5Tmean,LOImean,Basin_ID,RiverNames,TSS_Mt_a,fSiO2,fAl2O3,fFe2O3T,fMnO,fCaO,fMgO,fK2O,fNa2O,fTiO2,fP2O5_tot,fLOI
14.855,10.1,3.14,0.04,0.57,0.78,1.14437563467675,0.255,0.28,0.072445886,NaN,20.1941666666667,12.9924863996928,4.90020620035562,0.0605011615819059,0.775477577336537,1.04944208305972,1.63151410017055,0.283333333333333,0.509027303976562,0.106962689592367,NaN,1001,Amazon,1200,242.33,155.909836796313,37.68,0.726013938982871,6.84,9.36,13.732507616121,3.06,3.36,0.869350632,NaN
41.1,15.4,4.9,0.08,0.64,0.73,1.6,0.34,0.455,0.0920015775,NaN,41.8909090909091,14.8181818181818,4.8,0.0936363636363636,0.624545454545455,0.737272727272727,1.61181818181818,0.335454545454545,0.426,0.0879106684090909,NaN,1002,Orinoco,210,87.9709090909091,31.1181818181818,10.29,0.196636363636364,1.344,1.533,3.36,0.714,0.9555,0.19320331275,NaN
18.7,13.3,4.8,0.05,0.29,0.22,0.4,0.12,0.31,0.14,NaN,21.2363636363636,13.6909090909091,5.63636363636364,0.0645454545454545,0.304545454545455,0.273636363636364,0.524545454545455,0.175454545454545,0.33,0.137272727272727,NaN,1003,Maroni,0,0,0,0,0,0,0,0,0,0,0,NaN
58.0610518163867,17.6249076525127,7.44388669107692,0.0348631363652211,0.870294011061969,1.62179372375779,2.55954668269596,0.903139014661855,0.910746812386157,0.050188415,NaN,58.758469019487,18.058854242442,7.31630716118151,0.0348631363652211,0.865396858266604,1.64058751605764,2.46578818771455,0.876269505668433,1.11313499291641,0.106088078496476,NaN,1004,Paraná,90,52.8826221175383,16.2529688181978,6.69949802196922,0.031376822728699,0.783264609955772,1.45961435138201,2.30359201442636,0.81282511319567,0.819672131147541,0.0451695735,NaN
52.55017232195,15.3216526751957,11.3742131126212,NaN,1.35056478163596,1.08948719479434,1.15479547598196,0.68827280729305,0.837736944294321,NaN,NaN,52.55017232195,15.3216526751957,11.3742131126212,NaN,1.35056478163596,1.08948719479434,1.15479547598196,0.68827280729305,0.837736944294321,NaN,NaN,1005,Uruguay,10,5.255017232195,1.53216526751957,1.13742131126212,NaN,0.135056478163596,0.108948719479434,0.115479547598196,0.068827280729305,0.0837736944294321,NaN,NaN
60.2,13.6,3.7,0.11,5.08,1.53,0.24,3.13,0.51,NaN,NaN,60.2,13.6,3.7,0.11,5.08,1.53,0.24,3.13,0.51,NaN,NaN,1006,Rio Colorado,0,0,0,0,0,0,0,0,0,0,NaN,NaN
56.6,14.7,5.8,0.22,3.35,1.99,1.88,2.53,0.71,NaN,NaN,56.6,14.7,5.8,0.22,3.35,1.99,1.88,2.53,0.71,NaN,NaN,1007,Rio Negro,0,0,0,0,0,0,0,0,0,0,NaN,NaN
57.3,13.5,5,0.16,3.06,1.89,1.64,1.59,0.65,NaN,NaN,57.3,13.5,5,0.16,3.06,1.89,1.64,1.59,0.65,NaN,NaN,1008,Rio Chubut,0,0,0,0,0,0,0,0,0,0,NaN,NaN
61.2,16,5.7,0.09,3.12,2.38,1.41,0.46,0.72,NaN,NaN,61.2,16,5.7,0.09,3.12,2.38,1.41,0.46,0.72,NaN,NaN,1009,Rio Deseado,0,0,0,0,0,0,0,0,0,0,NaN,NaN
56.2,17.8,6.9,0.09,2.08,2.43,2.83,0.95,0.58,NaN,NaN,56.2,17.8,6.9,0.09,2.08,2.43,2.83,0.95,0.58,NaN,NaN,1010,Rio Chico,0,0,0,0,0,0,0,0,0,0,NaN,NaN
60.2,15.8,5.7,0.13,1.79,1.88,2.42,1.7,0.66,NaN,NaN,60.2,15.8,5.7,0.13,1.79,1.88,2.42,1.7,0.66,NaN,NaN,1011,Rio Santa Cruz,0,0,0,0,0,0,0,0,0,0,NaN,NaN
57.3,16.9,7.5,0.11,2.04,2.41,2.24,0.96,0.74,NaN,NaN,57.3,16.9,7.5,0.11,2.04,2.41,2.24,0.96,0.74,NaN,NaN,1012,Rio Coyle,0,0,0,0,0,0,0,0,0,0,NaN,NaN
63.7,14.7,5.4,0.18,3.11,1.81,1.43,2.91,0.74,NaN,NaN,63.7,14.7,5.4,0.18,3.11,1.81,1.43,2.91,0.74,NaN,NaN,1013,Galegos ,0,0,0,0,0,0,0,0,0,0,NaN,NaN
50.0600078298987,21.5398742751549,7.39170156398111,0.348631363652211,0.615642065703,1.42611718040051,3.78246262408947,1.80627802932371,NaN,NaN,NaN,50.0600078298987,21.5398742751549,7.39170156398111,0.348631363652211,0.615642065703,1.42611718040051,3.78246262408947,1.80627802932371,NaN,NaN,NaN,2002,Conneticut,0,0,0,0,0,0,0,0,0,NaN,NaN,NaN
55.4082992647169,21.7288205407264,10.4227281240662,0.296982272740772,1.18930853601716,0.82913789558169,1.48166529542358,1.77931865575172,NaN,NaN,NaN,55.4082992647169,21.7288205407264,10.4227281240662,0.296982272740772,1.18930853601716,0.82913789558169,1.48166529542358,1.77931865575172,NaN,NaN,NaN,2021,Neuse,0,0,0,0,0,0,0,0,0,NaN,NaN,NaN
54.552572635146,21.1619817440118,7.27732320322318,0.232420909101474,1.17531667088755,1.14421029590273,1.51780347336074,0.283073422505955,NaN,NaN,NaN,54.552572635146,21.1619817440118,7.27732320322318,0.232420909101474,1.17531667088755,1.14421029590273,1.51780347336074,0.283073422505955,NaN,NaN,NaN,2032,Mobile,4.5,2.45486576858157,0.952289178480532,0.327479544145043,0.0104589409095663,0.0528892501899396,0.0514894633156229,0.0683011563012334,0.012738304012768,NaN,NaN,NaN
61.5053515004097,13.1317654572216,5.07553975863306,0.109754318186807,1.81194653428497,1.74118958072155,2.04783008310576,0.660504652513894,NaN,NaN,NaN,61.5053515004097,13.1317654572216,5.07553975863306,0.109754318186807,1.81194653428497,1.74118958072155,2.04783008310576,0.660504652513894,NaN,NaN,NaN,2033,Mississipi,0,0,0,0,0,0,0,0,0,NaN,NaN,NaN
62.0401806438915,18.1388414948673,5.54735049675952,0.193684090917895,0.839511907776819,0.945217200963126,1.33711258367494,0.323512482863948,NaN,NaN,NaN,62.0401806438915,18.1388414948673,5.54735049675952,0.193684090917895,0.839511907776819,0.945217200963126,1.33711258367494,0.323512482863948,NaN,NaN,NaN,2046,Sabine,0.75,0.465301354829186,0.136041311211505,0.0416051287256964,0.00145263068188421,0.00629633930832614,0.00708912900722345,0.010028344377562,0.00242634362147961,NaN,NaN,NaN
49.8460761725059,15.8714863080089,5.16132352920151,0.0774736363671579,8.05931431465746,1.90701715983789,1.51780347336074,0.350471856435944,NaN,NaN,NaN,49.8460761725059,15.8714863080089,5.16132352920151,0.0774736363671579,8.05931431465746,1.90701715983789,1.51780347336074,0.350471856435944,NaN,NaN,NaN,2048,Brazos,9.2,4.58583900787055,1.46017674033682,0.474841764686539,0.00712757454577853,0.741456916948486,0.175445578705086,0.139637919549188,0.0322434107921068,NaN,NaN,NaN
40.4330832472258,7.93574315400443,3.84597238048534,0.0645613636392982,17.3499127607209,1.57536200160521,1.51780347336074,0.458309350723927,NaN,NaN,NaN,40.4330832472258,7.93574315400443,3.84597238048534,0.0645613636392982,17.3499127607209,1.57536200160521,1.51780347336074,0.458309350723927,NaN,NaN,NaN,2049,Rio Grande,0.66,0.266858349431691,0.0523759048164293,0.0253834177112032,0.000426105000019368,0.114509424220758,0.0103973892105944,0.0100175029241809,0.00302484171477792,NaN,NaN,NaN
61.6480439158906,15.8047882762621,6.94819947014224,0.15935309290586,1.58024124773856,1.93985102050292,1.56996291018338,2.59025661279735,0.779972911120452,0.250217106876159,NaN,61.6480439158906,15.8047882762621,6.94819947014224,0.15935309290586,1.58024124773856,1.93985102050292,1.56996291018338,2.59025661279735,0.779972911120452,0.250217106876159,NaN,2076,Skeena River,0,0,0,0,0,0,0,0,0,0,0,NaN
63.8044750224093,13.8641211825769,6.64824221905458,0.122481920465874,0.850145725275325,2.73980326216014,1.7800461845914,1.98016598886308,0.670049440541244,0.230053090937421,NaN,63.8044750224093,13.8641211825769,6.64824221905458,0.122481920465874,0.850145725275325,2.73980326216014,1.7800461845914,1.98016598886308,0.670049440541244,0.230053090937421,NaN,2077,Nass,NaN,NaN,NaN,NaN,NaN,NaN,NaN,NaN,NaN,NaN,NaN,NaN
62.6263533851476,14.1843851027206,6.46823927381179,0.134825059737629,1.49013363630385,2.42970568921258,1.88002847688421,2.07021029659355,0.699907257284306,0.22020021951281,NaN,62.6263533851476,14.1843851027206,6.46823927381179,0.134825059737629,1.49013363630385,2.42970568921258,1.88002847688421,2.07021029659355,0.699907257284306,0.22020021951281,NaN,2078,Stikine,18,11.2727436093266,2.55318931848971,1.16428306928612,0.0242685107527733,0.268224054534694,0.437347024058265,0.338405125839159,0.372637853386839,0.125983306311175,0.0396360395123058,NaN
NaN,13.73,5.82,0.14,5.38,2.33,2.41,1.16,0.64,0.1422386295,NaN,NaN,11.43,4.63666666666667,0.12,5.12333333333333,2.07333333333333,2.01,1.22333333333333,0.51,0.125571962833333,NaN,3001,Donau,0,NaN,0,0,0,0,0,0,0,0,0,NaN
33.9537351397722,10.9732433193324,4.53881930077649,0.0600420681845474,17.4323248463343,0.959975855504481,1.36000009636847,0.234836136913899,0.490068522855408,NaN,28.73,33.9537351397722,10.9732433193324,4.53881930077649,0.0600420681845474,17.4323248463343,0.959975855504481,1.36000009636847,0.234836136913899,0.490068522855408,NaN,28.73,3002,Seine,0.7,0.237676145978406,0.0768127032353269,0.0317717351054354,0.000420294477291832,0.12202627392434,0.00671983098853136,0.00952000067457932,0.00164385295839729,0.00343047965998786,NaN,0.20111
43.9,7.96645636947309,5.61608073968486,0.250564840914344,7.85640904378194,1.71230341140496,1.37280782801118,0.335721169982894,0.0935767329209952,1.20965993845392,25.9,43.9,8.02678333073563,5.61720209616288,0.252484803035643,7.94173198604292,1.70039200555863,1.38885743056563,0.336003979097816,0.0939888355510342,1.21138295541304,25.9,3004,Rhine,0.07,0.03073,0.00561874833151494,0.0039312565177794,0.00017673936212495,0.00549948633064736,0.00119861238798347,0.000960965479607829,0.000235004818988026,6.55037130446967e-05,0.000846761956917747,0.01813
60.978,13.9929,16.064,0.7291,1.9236,0.3615,1.9171,0.015,1.485,2.62957098764725,NaN,60.978,13.9929,16.064,0.7291,1.9236,0.3615,1.9171,0.015,1.485,2.62957098764725,NaN,3007,Elbe,0.84,0.5122152,0.11754036,0.1349376,0.00612444,0.01615824,0.0030366,0.01610364,0.000126,0.012474,0.0220883962962369,NaN
51.9853927464332,8.56871314366907,6.31940443187553,0.47052777233803,5.86259148930812,1.0778792642562,1.89123131204473,0.539187471439914,0.5587915423981,1.66123994949831,NaN,53.2957241479637,8.41991795953149,6.53207669640981,0.626853970558216,5.71567690544717,1.10275340112365,1.88219676756044,0.540872432288163,0.565046671604049,1.7042030516405,NaN,3008,Scheldt,0.75,0.399717931109728,0.0631493846964862,0.0473955332390665,0.00470140477918662,0.0439694361698109,0.00808409448192148,0.0141842348403355,0.00404390603579935,0.00419093656798575,0.0124592996212373,NaN
NaN,NaN,NaN,NaN,NaN,NaN,NaN,NaN,NaN,0.394135307246123,27,NaN,NaN,NaN,NaN,NaN,NaN,NaN,NaN,NaN,0.361973746604022,27.3333333333333,3010,Loire,0.5,NaN,NaN,NaN,NaN,NaN,NaN,NaN,NaN,NaN,0.00197067653623061,0.135
42.0630914116814,12.2100650117445,4.8025711573755,0.173186142680235,15.5612618749445,1.7319326018585,2.1857801885825,0.56556510198171,0.55012225024523,0.335346259689612,NaN,39.2705022515538,11.3166273429986,4.76675953557289,0.321869285681288,14.926323011414,1.80157348744407,2.2168800867099,0.61220634858869,0.554611628931531,0.383831960054974,NaN,3011,Rhône,0,0,0,0,0,0,0,0,0,0,0,NaN
NaN,NaN,NaN,0.232420909101474,NaN,NaN,NaN,NaN,NaN,NaN,NaN,NaN,NaN,NaN,0.232420909101474,NaN,NaN,NaN,NaN,NaN,NaN,NaN,3021,Krka,NaN,NaN,NaN,NaN,NaN,NaN,NaN,NaN,NaN,NaN,NaN,NaN
NaN,9.05,5.295,0.19691215909986,4.035,NaN,1.635,NaN,NaN,NaN,NaN,NaN,8.61666666666667,5.15666666666667,0.202077068191003,3.975,NaN,1.58333333333333,NaN,NaN,NaN,NaN,3023,Humber,NaN,NaN,NaN,NaN,NaN,NaN,NaN,NaN,NaN,NaN,NaN,NaN
34.0686164397921,7.53895599630421,19.158375426953,0.563620704571074,2.50454385820084,1.58862820793452,0.843224151867079,1.49152734287066,0.151123921615725,0.695429413341704,52.4,34.0686164397921,7.53895599630421,19.158375426953,0.563620704571074,2.50454385820084,1.58862820793452,0.843224151867079,1.49152734287066,0.151123921615725,0.695429413341704,52.4,3024,Kalix,0,0,0,0,0,0,0,0,0,0,0,0
57.7615474960369,22.295659337441,8.2924311549498,0.219508636373614,2.72841370027466,2.86881711871265,4.09566016621153,0.754862460015879,0.83401722745985,0.177306119092952,NaN,57.7615474960369,22.295659337441,8.2924311549498,0.219508636373614,2.72841370027466,2.86881711871265,4.09566016621153,0.754862460015879,0.83401722745985,0.177306119092952,NaN,3025,Garonne,1.1,0.635377022456406,0.245252252711851,0.0912167427044478,0.00241459500010975,0.0300125507030213,0.0315569883058391,0.0450522618283268,0.00830348706017467,0.00917418950205835,0.00195036731002247,NaN
NaN,11.8469308513352,6.86270164547569,0.0854921577311587,2.70042997001543,2.43766541301017,2.99946876878432,1.29404993145579,1.06754205114861,NaN,NaN,NaN,11.8469308513352,6.86270164547569,0.0854921577311587,2.70042997001543,2.43766541301017,2.99946876878432,1.29404993145579,1.06754205114861,NaN,NaN,4001,Amur,52,NaN,6.1604040426943,3.56860485564736,0.0444559220202025,1.40422358440803,1.26758601476529,1.55972375976785,0.672905964357012,0.555121866597276,NaN,NaN
58.8846886973487,11.8941674177281,4.25344529068546,0.0645613636392982,7.15683901379738,2.21794387068102,2.15624461691724,1.50972492003176,0.533771025574304,0.179529584754755,8.905,58.8019773703093,11.8245501661782,4.38015685562448,0.0859724942766351,7.33426810652287,2.28050647059214,2.16266609315069,1.50263797470402,0.551816524637922,0.179529584754755,8.905,4002,Huanghe,150,88.2029660554639,17.7368252492674,6.38016793602818,0.128958741414953,10.7352585206961,3.32691580602153,3.23436692537587,2.26458738004764,0.800656538361456,0.269294377132133,13.3575
60.0078298986606,15.1629378121156,6.27651254659131,0.129122727278596,3.96669376424547,2.83979729236729,2.89915042628011,0.813377036373153,0.900738605656638,0.163667186855032,10,59.1097804562021,15.2213099781358,6.32968115428909,0.126191641369372,3.89048042157736,2.79600600184845,2.79728355341078,0.84051190449408,0.900561692911419,0.177377190116409,9.09,4003,Changjiang,470,277.81596814415,71.5401568972382,29.4996089689792,0.59310071443605,18.6434606919537,13.3470472741263,13.6260070035165,3.82287207095382,4.2334714465862,0.769235778218651,47
NaN,13.6230257477076,10.0081065663187,0.0589187004572236,2.81236489105234,3.31655158232676,3.08379118397103,1.17273275038181,NaN,NaN,NaN,NaN,13.6230257477076,10.0081065663187,0.0589187004572236,2.81236489105234,3.31655158232676,3.08379118397103,1.17273275038181,NaN,NaN,NaN,4004,Tumenjiang,NaN,NaN,NaN,NaN,NaN,NaN,NaN,NaN,NaN,NaN,NaN,NaN
NaN,13.6986042539362,8.43540410589721,0.0521268450023694,3.24611271007036,2.73615505541958,3.45721902265502,1.30752961824179,NaN,NaN,NaN,NaN,13.6986042539362,8.43540410589721,0.0521268450023694,3.24611271007036,2.73615505541958,3.45721902265502,1.30752961824179,NaN,NaN,NaN,4005,Yalujiang,4.8,NaN,0.657533004188939,0.404899397083066,0.00250208856011373,0.155813410083377,0.13133544266014,0.165946513087441,0.0627614216756059,NaN,NaN,NaN
NaN,12.8483460588643,4.50364795484342,0.0589832618208629,4.21155140401371,3.51554467726637,2.60194881147556,1.2536108710978,NaN,NaN,NaN,NaN,12.8483460588643,4.50364795484342,0.0589832618208629,4.21155140401371,3.51554467726637,2.60194881147556,1.2536108710978,NaN,NaN,NaN,4006,Liaohe,2.7,NaN,0.346905343589337,0.121598494780772,0.0015925480691633,0.11371188790837,0.0949197062861919,0.0702526179098401,0.0338474935196406,NaN,NaN,NaN
NaN,11.2423028015063,5.50445861147529,0.085285561367513,3.56792560805148,2.92685677140337,2.95128453153478,1.37492805217178,0.808996710636055,NaN,NaN,NaN,11.2423028015063,5.50445861147529,0.085285561367513,3.56792560805148,2.92685677140337,2.95128453153478,1.37492805217178,0.808996710636055,NaN,NaN,4007,Luanhe,23,NaN,2.58572964434644,1.26602548063932,0.019615679114528,0.82062288985184,0.673177057422774,0.678795442252999,0.316233451999509,0.186069243446293,NaN,NaN
NaN,10.3542553533201,5.8904855790333,0.105131724550233,2.88232421670041,1.70802406489828,NaN,NaN,0.783976193812259,NaN,NaN,NaN,10.3542553533201,5.8904855790333,0.105131724550233,2.88232421670041,1.70802406489828,NaN,NaN,0.783976193812259,NaN,NaN,4008,Huaihe,0.12,NaN,0.0124251064239841,0.00706858269483996,0.00012615806946028,0.00345878906004049,0.00204962887787794,NaN,NaN,0.000940771432574711,NaN,NaN
NaN,14.1331806647507,4.71810738126454,0.121065469096412,1.01860778143587,1.94018267566115,2.31284338797827,0.68746402608589,0.767295849263062,NaN,NaN,NaN,14.1331806647507,4.71810738126454,0.121065469096412,1.01860778143587,1.94018267566115,2.31284338797827,0.68746402608589,0.767295849263062,NaN,NaN,4009,Qiantang,0,NaN,0,0,0,0,0,0,0,0,NaN,NaN
82.76,13.3400250731694,4.61862106878,0.1241968695486,0.638336430199482,0.578538428883184,2.47573080430333,0.690252326256947,0.580348786004524,NaN,2,82.76,13.3400250731694,4.61862106878,0.1241968695486,0.638336430199482,0.578538428883184,2.47573080430333,0.690252326256947,0.580348786004524,NaN,2,4010,Minjiang,2.4,1.98624,0.320160601756067,0.11084690565072,0.0029807248691664,0.0153200743247876,0.0138849222931964,0.05941753930328,0.0165660558301667,0.0139283708641086,NaN,0.048
56.905820866466,19.4236761007537,7.60801963876454,0.139969036369999,1.01007274370681,1.14984843359269,2.36006394048283,0.300057827856312,0.969962035535806,0.329956624452077,11.66,57.7453600006275,21.2475744023157,7.81170843621429,0.139969036369999,1.13422722695691,1.14608967513272,2.34665266111504,0.304461192206405,0.969962035535806,0.329956624452077,11.66,4011,Zhujiang,25,14.4363400001569,5.31189360057893,1.90200490969114,0.0349922590924997,0.252518185926702,0.287462108398172,0.590015985120708,0.075014456964078,0.242490508883951,0.0824891561130193,2.915
NaN,13.9631290257364,10.6800794357715,0.271157727285053,1.58108075964634,1.98993094939606,1.78281677823325,0.984017135377842,NaN,NaN,NaN,NaN,15.9092755611232,10.7696758183653,0.238446636374475,1.472877002644,1.80862612956219,1.61336887723901,0.910328180947721,NaN,NaN,NaN,4012,Kuji,0,NaN,0,0,0,0,0,0,0,NaN,NaN,NaN
47,20.8,9.6,0.2,2.1,1.5,0.7,2.2,NaN,0.2,12.6,47,20.8,9.6,0.2,2.1,1.5,0.7,2.2,NaN,0.2,12.6,4013,Cisadane,0,0,0,0,0,0,0,0,0,NaN,0,0
39.3,24.3,11,0.2,1.1,0.6,0.3,1.7,NaN,0.4,18.4,39.3,24.3,11,0.2,1.1,0.6,0.3,1.7,NaN,0.4,18.4,4014,Cengkareng,0,0,0,0,0,0,0,0,0,NaN,0,0
39.2,23.2,9.6,0.1,1.1,0.9,0.6,2.3,NaN,0.5,20.6,39.2,23.2,9.6,0.1,1.1,0.9,0.6,2.3,NaN,0.5,20.6,4015,Angke,0,0,0,0,0,0,0,0,0,NaN,0,0
32.5,14.6,8,0.1,2.4,1.8,1,7,NaN,0.4,29.3,32.5,14.6,8,0.1,2.4,1.8,1,7,NaN,0.4,29.3,4016,Murara Karang,0,0,0,0,0,0,0,0,0,NaN,0,0
36.4,11.9,7.7,0.1,4.8,1.6,0.6,3.1,NaN,0.8,31.3,36.4,11.9,7.7,0.1,4.8,1.6,0.6,3.1,NaN,0.8,31.3,4017,Murara Baru,0,0,0,0,0,0,0,0,0,NaN,0,0
41.7,20,10.8,0.2,2.4,1.1,0.5,1.8,NaN,0.4,14.5,40.9666666666667,20.9,10.3333333333333,0.166666666666667,2.63333333333333,1.16666666666667,0.533333333333333,2.46666666666667,NaN,0.5,18.0333333333333,4018,Ancol,0,0,0,0,0,0,0,0,0,NaN,0,0
46.05,19.05,8.95,0.15,3.5,1.75,1,2.6,NaN,0.4,13.65,46.05,19.05,8.95,0.15,3.5,1.75,1,2.6,NaN,0.4,13.65,4019,Sunter,0,0,0,0,0,0,0,0,0,NaN,0,0
36.3,23.95,11,0.15,1.15,0.95,0.4,2.45,NaN,0.45,21.45,36.3,23.95,11,0.15,1.15,0.95,0.4,2.45,NaN,0.45,21.45,4020,Cakung,0,0,0,0,0,0,0,0,0,NaN,0,0
48.9,10.3,17.6,0.5,4.8,2.6,1,4.4,NaN,0.2,6.8,48.9,10.3,17.6,0.5,4.8,2.6,1,4.4,NaN,0.2,6.8,4021,Blencong,0,0,0,0,0,0,0,0,0,NaN,0,0
42.75,22.45,9.8,0.15,1.25,0.8,0.6,1.8,NaN,0.4,17.35,42.75,22.45,9.8,0.15,1.25,0.8,0.6,1.8,NaN,0.4,17.35,4022,Banjir,0,0,0,0,0,0,0,0,0,NaN,0,0
52.75,20.65,7.65,0.1,0.6,1.5,1.25,2.4,NaN,0.2,11.4,52.75,20.65,7.65,0.1,0.6,1.5,1.25,2.4,NaN,0.2,11.4,4023,Gabah,0,0,0,0,0,0,0,0,0,NaN,0,0
54.7,21.5,7.1,0.1,0.8,1.8,1.6,1.4,NaN,0.1,9.6,54.7,21.5,7.1,0.1,0.8,1.8,1.6,1.4,NaN,0.1,9.6,4024,Citarum,NaN,NaN,NaN,NaN,NaN,NaN,NaN,NaN,NaN,NaN,NaN,NaN
43,18.5,8.6,0.1,2.7,1.8,0.8,4.4,NaN,0.3,16.4,43,18.5,8.6,0.1,2.7,1.8,0.8,4.4,NaN,0.3,16.4,4025,Perancis,0,0,0,0,0,0,0,0,0,NaN,0,0
52,19,7.4,0.1,3.3,1.3,1.2,1.1,NaN,0.2,13,52,19,7.4,0.1,3.3,1.3,1.2,1.1,NaN,0.2,13,4026,Bekasi,NaN,NaN,NaN,NaN,NaN,NaN,NaN,NaN,NaN,NaN,NaN,NaN
77.37,10.075,3.54,0.06,1.3,1.185,2,1.315,0.6,0.06,1.9,77.0358333333333,10.1891666666667,3.54583333333333,0.0583333333333333,1.27166666666667,1.21,2.0325,1.4175,0.528333333333333,0.06,2.455,4030,Irrawaddy,325,250.366458333333,33.1147916666667,11.505,0.189583333333333,4.225,3.85125,6.5,4.27375,1.95,0.195,6.175
76.82,11.45,3.41,0.12,0.45,0.61,2.14,0.36,0.5,0.09,3.94,76.82,11.45,3.41,0.12,0.45,0.61,2.14,0.36,0.5,0.09,3.94,4031,Chao Phraya,3,2.3046,0.3435,0.1023,0.0036,0.0135,0.0183,0.0642,0.0108,0.015,0.0027,0.1182
64.4,16.06,6.46,0.15,1.19,1.69,2.02,1.05,0.76,0.12,6.02,64.4,16.06,6.46,0.15,1.19,1.69,2.02,1.05,0.76,0.12,6.02,4032,Sittang,NaN,NaN,NaN,NaN,NaN,NaN,NaN,NaN,NaN,NaN,NaN,NaN
65,15.1,6,0.1,2,2.5,3.1,1.8,0.7,0.2,4.1,66.5,14.4882352941176,5.52058823529412,0.091764705882353,1.98705882352941,2.36529411764706,2.98117647058824,1.73823529411765,0.68,0.159411764705882,3.41470588235294,4034,Brahmaputra,0,0,0,0,0,0,0,0,0,0,0,0
66,12.3,4.9,0.08,3.7,2.12,2.8,1.2,0.78,0.080910525,5.9,64.9142857142857,13.0242857142857,5.12,0.0785714285714286,3.53,2.01142857142857,2.69047619047619,1.15619047619048,0.702857142857143,0.0799581440476191,6.32285714285714,4035,Ganges,520,337.554285714286,67.7262857142857,25.48,0.408571428571429,19.24,11.024,14.56,6.24,4.056,0.42073473,30.68
64.001185181382,11.5816502944728,3.14469005608829,0.0876097704585277,1.74940289715559,0.741995502756054,3.08517648079196,NaN,1.15594787725935,NaN,NaN,64.001185181382,11.5816502944728,3.14469005608829,0.0876097704585277,1.74940289715559,0.741995502756054,3.08517648079196,NaN,1.15594787725935,NaN,NaN,4042,Damodar,28,17.9203318507869,3.24286208245237,0.880513215704721,0.0245307357283878,0.489832811203566,0.207758740771695,0.863849414621748,NaN,0.323665405632619,NaN,NaN
63.1,15.5,6.1,0.1,2.5,2.6,3.1,1.5,0.8,0.16,4.76,64.1857142857143,14.8714285714286,5.81142857142857,0.101428571428571,2.43857142857143,2.43142857142857,2.99571428571429,1.49857142857143,0.704285714285714,0.151428571428571,4.50857142857143,4044,Meghna,NaN,NaN,NaN,NaN,NaN,NaN,NaN,NaN,NaN,NaN,NaN,NaN
85.06,6.26,2.77,0.03,0.42,0.55,1.38,0.76,0.36,0.05,2.3,85.06,6.26,2.77,0.03,0.42,0.55,1.38,0.76,0.36,0.05,2.3,4045,Houlong,0,0,0,0,0,0,0,0,0,0,0,0
82.09,5.48,2.63,0.05,2.93,0.7,1.25,0.75,0.32,0.09,3.6,82.09,5.48,2.63,0.05,2.93,0.7,1.25,0.75,0.32,0.09,3.6,4046,Tsengwen,12,9.8508,0.6576,0.3156,0.006,0.3516,0.084,0.15,0.09,0.0384,0.0108,0.432
84.38,7.26,2.62,0.02,0.3,0.64,1.61,0.4,0.31,0.05,2.3,84.38,7.26,2.62,0.02,0.3,0.64,1.61,0.4,0.31,0.05,2.3,4047,Da'an,0,0,0,0,0,0,0,0,0,0,0,0
84.52,7.67,2.31,0.03,0.17,0.59,1.94,0.48,0.33,0.05,1.8,84.52,7.67,2.31,0.03,0.17,0.59,1.94,0.48,0.33,0.05,1.8,4048,Dajia,0,0,0,0,0,0,0,0,0,0,0,0
79.41,9.56,3.19,0.03,0.43,0.9,2.16,0.77,0.42,0.07,3,79.41,9.56,3.19,0.03,0.43,0.9,2.16,0.77,0.42,0.07,3,4049,Dadu,0,0,0,0,0,0,0,0,0,0,0,0
75.51,10.59,3.92,0.05,1.24,1.21,2.07,1.04,0.5,0.08,3.7,75.51,10.59,3.92,0.05,1.24,1.21,2.07,1.04,0.5,0.08,3.7,4050,Zhuoshui,0,0,0,0,0,0,0,0,0,0,0,0
67.96,13.08,5.36,0.06,2.16,1.52,2.43,1.2,0.62,0.1,5.3,67.96,13.08,5.36,0.06,2.16,1.52,2.43,1.2,0.62,0.1,5.3,4051,Laonong,0,0,0,0,0,0,0,0,0,0,0,0
68.51,13.83,5.19,0.06,1.71,1.56,2.52,1.33,0.62,0.1,4.4,68.51,13.83,5.19,0.06,1.71,1.56,2.52,1.33,0.62,0.1,4.4,4052,Kaoping,21,14.3871,2.9043,1.0899,0.0126,0.3591,0.3276,0.5292,0.2793,0.1302,0.021,0.924
66.98,15.3,6.1,0.04,0.22,1.8,2.94,1.05,0.69,0.11,4.6,66.98,15.3,6.1,0.04,0.22,1.8,2.94,1.05,0.69,0.11,4.6,4053,Xindian,0,0,0,0,0,0,0,0,0,0,0,0
67.62,15.03,5.74,0.04,0.72,1.62,2.75,1.13,0.69,0.11,4.4,67.62,15.03,5.74,0.04,0.72,1.62,2.75,1.13,0.69,0.11,4.4,4054,Lanyang,6.5,4.3953,0.97695,0.3731,0.0026,0.0468,0.1053,0.17875,0.07345,0.04485,0.00715,0.286
67.42,14.62,5.25,0.07,1.28,1.63,2.89,1.37,0.66,0.11,4.5,67.42,14.62,5.25,0.07,1.28,1.63,2.89,1.37,0.66,0.11,4.5,4055,Dazhu,0,0,0,0,0,0,0,0,0,0,0,0
69.63,13.1,4.62,0.06,2.13,1.6,2.39,1.53,0.55,0.1,4.1,69.63,13.1,4.62,0.06,2.13,1.6,2.39,1.53,0.55,0.1,4.1,4056,Beinan,0,0,0,0,0,0,0,0,0,0,0,0
66.71,11.02,4.61,0.08,5.81,2.7,1.3,1.75,0.81,0.11,4.9,66.71,11.02,4.61,0.08,5.81,2.7,1.3,1.75,0.81,0.11,4.9,4057,Xiuguluan,0,0,0,0,0,0,0,0,0,0,0,0
68.17,8.72,3.45,0.08,7.24,1.74,1.5,1.39,0.53,0.09,7,68.17,8.72,3.45,0.08,7.24,1.74,1.5,1.39,0.53,0.09,7,4058,Hualian,0,0,0,0,0,0,0,0,0,0,0,0
67.49,12.16,5.14,0.09,3.57,1.68,2.16,1.92,0.66,0.12,4.9,67.49,12.16,5.14,0.09,3.57,1.68,2.16,1.92,0.66,0.12,4.9,4059,Heping,0,0,0,0,0,0,0,0,0,0,0,0
68.3,9.51,3.42,0.08,6.36,1.65,1.61,1.74,0.49,0.11,6.6,68.3,9.51,3.42,0.08,6.36,1.65,1.61,1.74,0.49,0.11,6.6,4060,Liwu,0,0,0,0,0,0,0,0,0,0,0,0
50.12,7.83,2.85,0.07,18.1,1.93,1.26,1.32,0.45,0.07,15.9,50.12,7.83,2.85,0.07,18.1,1.93,1.26,1.32,0.45,0.07,15.9,4061,Shoufeng,0,0,0,0,0,0,0,0,0,0,0,0
68.55,12.88,5.1,0.07,1.95,3.14,1.93,1.83,0.8,0.08,3.5,68.55,12.88,5.1,0.07,1.95,3.14,1.93,1.83,0.8,0.08,3.5,4062,Hongye,0,0,0,0,0,0,0,0,0,0,0,0
77.56,8.68,3.36,0.06,1.91,2.08,1.05,1.66,0.4,0.07,3,77.56,8.68,3.36,0.06,1.91,2.08,1.05,1.66,0.4,0.07,3,4063,Baliwan,0,0,0,0,0,0,0,0,0,0,0,0
56.27,16.63,5.24,0.1,7.71,5.1,0.6,2.9,0.38,0.05,4.8,56.27,16.63,5.24,0.1,7.71,5.1,0.6,2.9,0.38,0.05,4.8,4064,Gaoliao,0,0,0,0,0,0,0,0,0,0,0,0
58.46,17.2,3.84,0.06,6.86,3.95,0.55,3.17,0.34,0.06,5.4,58.46,17.2,3.84,0.06,6.86,3.95,0.55,3.17,0.34,0.06,5.4,4065,Jiu'an,0,0,0,0,0,0,0,0,0,0,0,0
47.24,11.64,20.64,0.29,5.85,7.36,1.01,1.16,1.65,0.26,2.5,47.24,11.64,20.64,0.29,5.85,7.36,1.01,1.16,1.65,0.26,2.5,4066,Sanzhi,0,0,0,0,0,0,0,0,0,0,0,0
66.71,10.43,4.1,0.1,6.95,1.98,1.62,1.89,0.78,0.114638945,5,66.71,10.43,4.1,0.1,6.95,1.98,1.62,1.89,0.78,0.114638945,5,4067,Indus,10,6.671,1.043,0.41,0.01,0.695,0.198,0.162,0.189,0.078,0.0114638945,0.5
76.1,11.79,2.06,0.05,0.46,0.46,4.32,1.19,0.33,NaN,3,76.1,11.79,2.06,0.05,0.46,0.46,4.32,1.19,0.33,NaN,3,4068,Ou,0,0,0,0,0,0,0,0,0,0,NaN,0
75.32,10.99,3.13,0.07,0.83,0.5,4.43,1.1,0.44,NaN,2.9,75.32,10.99,3.13,0.07,0.83,0.5,4.43,1.1,0.44,NaN,2.9,4069,Mulan,0,0,0,0,0,0,0,0,0,0,NaN,0
84.08,7.43,1.7,0.05,0.21,0.15,3.56,0.49,0.32,NaN,1.8,84.08,7.43,1.7,0.05,0.21,0.15,3.56,0.49,0.32,NaN,1.8,4070,Jiulong,0,0,0,0,0,0,0,0,0,0,NaN,0
90.52,4.28,1.15,0.03,0.08,0.07,2.32,0.25,0.22,NaN,0.9,90.52,4.28,1.15,0.03,0.08,0.07,2.32,0.25,0.22,NaN,0.9,4071,Han,10,9.052,0.428,0.115,0.003,0.008,0.007,0.232,0.025,0.022,NaN,0.09
48.62,14.23,8.69,0.175,5.245,3.375,1.535,1.065,1.23,0.18,15.25,48.62,14.23,8.69,0.175,5.245,3.375,1.535,1.065,1.23,0.18,15.25,5001,Limpopo,6,2.9172,0.8538,0.5214,0.0105,0.3147,0.2025,0.0921,0.0639,0.0738,0.0108,0.915
51.35,10.41,10.33,0.16,3.78,2.6,0.82,0.81,2.45,0.1116028395,16.5,51.35,10.41,10.33,0.16,3.78,2.6,0.82,0.81,2.45,0.1116028395,16.5,5002,Zambezi,9,4.6215,0.9369,0.9297,0.0144,0.3402,0.234,0.0738,0.0729,0.2205,0.010044255555,1.485
55.85,14.85,8.23,0.11,2.36,3.01,2.97,1.46,1.23,0.18,6.5,55.85,14.85,8.23,0.11,2.36,3.01,2.97,1.46,1.23,0.18,6.5,5003,Orange,17,9.4945,2.5245,1.3991,0.0187,0.4012,0.5117,0.5049,0.2482,0.2091,0.0306,1.105
45.46,15.7,7.68,0.18,7.39,4.06,3.42,1.79,1.49,0.3,12,45.46,15.7,7.68,0.18,7.39,4.06,3.42,1.79,1.49,0.3,12,5004,Swakop,NaN,NaN,NaN,NaN,NaN,NaN,NaN,NaN,NaN,NaN,NaN,NaN
46.21,15.82,6.92,0.12,6.52,3.74,3.33,0.9,0.69,0.2,15.3,46.21,15.82,6.92,0.12,6.52,3.74,3.33,0.9,0.69,0.2,15.3,5005,Ugab,NaN,NaN,NaN,NaN,NaN,NaN,NaN,NaN,NaN,NaN,NaN,NaN
46.24,16.37,9.47,0.17,4.32,4.52,3.11,0.77,0.8,0.27,13.7,46.24,16.37,9.47,0.17,4.32,4.52,3.11,0.77,0.8,0.27,13.7,5006,Okavango,0,0,0,0,0,0,0,0,0,0,0,0
45.92,13.41,10.26,0.175,5.955,4.415,1.95,1.27,0.98,0.28,16,45.92,13.41,10.26,0.175,5.955,4.415,1.95,1.27,0.98,0.28,16,5007,Koigab,0,0,0,0,0,0,0,0,0,0,0,0
47.41,17.96,7.67,0.09,1.64,4.18,2.95,0.35,0.57,0.13,15.4,47.41,17.96,7.67,0.09,1.64,4.18,2.95,0.35,0.57,0.13,15.4,5008,Omaruru,NaN,NaN,NaN,NaN,NaN,NaN,NaN,NaN,NaN,NaN,NaN,NaN
52.05,15.14,8.77,0.15,4.54,4,3.44,1.75,1.23,0.15,NaN,52.05,15.14,8.77,0.15,4.54,4,3.44,1.75,1.23,0.15,NaN,5009,Hoanib,NaN,NaN,NaN,NaN,NaN,NaN,NaN,NaN,NaN,NaN,NaN,NaN
54.56,15.59,6.67,0.08,4.06,3.58,3.64,2.03,0.95,0.14,NaN,54.56,15.59,6.67,0.08,4.06,3.58,3.64,2.03,0.95,0.14,NaN,5010,Hoarusib,NaN,NaN,NaN,NaN,NaN,NaN,NaN,NaN,NaN,NaN,NaN,NaN
49.92,16.37,6.58,0.16,5.43,2.92,3.97,0.7,0.91,0.12,NaN,49.92,16.37,6.58,0.16,5.43,2.92,3.97,0.7,0.91,0.12,NaN,5011,Kuene,0,0,0,0,0,0,0,0,0,0,0,NaN
46.18,12.82,10.32,0.17,7.36,3.76,1.47,1.39,0.91,0.21,15.1,46.18,12.82,10.32,0.17,7.36,3.76,1.47,1.39,0.91,0.21,15.1,5012,Uniab,NaN,NaN,NaN,NaN,NaN,NaN,NaN,NaN,NaN,NaN,NaN,NaN
43.51,23.11,9.425,0.08,0.385,0.995,1.44552711748642,0.18,1.165,0.089902726,19.45,45.9298887056208,22.9605710239565,9.29535983908871,0.105257272730012,0.625105556962515,1.03226665295825,1.53850903916214,0.206024474168652,1.24038298071085,0.157755827237509,19.45,5013,Congo,43,19.7498521434169,9.87304554030129,4.05275,0.045260627273905,0.16555,0.42785,0.621576660519161,0.0774,0.50095,0.03865817218,8.3635
45.025,22.14,10.735,0.125,0.84,1.525,2.565,0.21,1.145,0.26,15.15,45.025,22.14,10.735,0.125,0.84,1.525,2.565,0.21,1.145,0.26,15.15,5014,Dande,NaN,NaN,NaN,NaN,NaN,NaN,NaN,NaN,NaN,NaN,NaN,NaN
47.715,21.565,9.25,0.065,0.625,1.54,2.41,0.075,0.96,0.21,15.35,47.715,21.565,9.25,0.065,0.625,1.54,2.41,0.075,0.96,0.21,15.35,5015,Mebridege,0,0,0,0,0,0,0,0,0,0,0,0
45.49,20.78,8.84,0.065,0.95,1.225,1.595,0.455,0.99,0.24,19.15,45.49,20.78,8.84,0.065,0.95,1.225,1.595,0.455,0.99,0.24,19.15,5016,Cuanza,NaN,NaN,NaN,NaN,NaN,NaN,NaN,NaN,NaN,NaN,NaN,NaN
45.19,19.525,6.645,0.04,2.43,1.195,1.72,0.345,0.77,0.23,21.6,45.19,19.525,6.645,0.04,2.43,1.195,1.72,0.345,0.77,0.23,21.6,5017,Longa,NaN,NaN,NaN,NaN,NaN,NaN,NaN,NaN,NaN,NaN,NaN,NaN
44.67,24.42,8.58,0.13,1.015,0.79,1.75,0.18,0.99,0.17,17,44.67,24.42,8.58,0.13,1.015,0.79,1.75,0.18,0.99,0.17,17,5018,Keve,0,0,0,0,0,0,0,0,0,0,0,0
42.01,23.42,8.795,0.175,1.45,1.21,2.11,0.39,1.005,0.55,18.45,42.01,23.42,8.795,0.175,1.45,1.21,2.11,0.39,1.005,0.55,18.45,5019,Quicombo,0,0,0,0,0,0,0,0,0,0,0,0
45.02,22.835,9.155,0.17,1.045,0.805,2.555,0.335,1.245,0.225,16.25,45.02,22.835,9.155,0.17,1.045,0.805,2.555,0.335,1.245,0.225,16.25,5020,Balombo,NaN,NaN,NaN,NaN,NaN,NaN,NaN,NaN,NaN,NaN,NaN,NaN
41.89,24.97,8.825,0.135,1.155,1.1,1.645,0.325,0.955,0.24,18.5,41.89,24.97,8.825,0.135,1.155,1.1,1.645,0.325,0.955,0.24,18.5,5021,Catumbela,NaN,NaN,NaN,NaN,NaN,NaN,NaN,NaN,NaN,NaN,NaN,NaN
44.955,22.905,8.28,0.105,1.66,1.675,2.46,0.855,0.99,0.225,15.65,44.955,22.905,8.28,0.105,1.66,1.675,2.46,0.855,0.99,0.225,15.65,5022,Coporolo,NaN,NaN,NaN,NaN,NaN,NaN,NaN,NaN,NaN,NaN,NaN,NaN
46.045,20.495,7.72,0.11,1.725,2.265,2.72,1.575,1.035,0.21,15.85,46.045,20.495,7.72,0.11,1.725,2.265,2.72,1.575,1.035,0.21,15.85,5023,Carujamba,0,0,0,0,0,0,0,0,0,0,0,0
47.09,21.07,7.37,0.1,2.075,1.74,2.415,1.155,0.945,0.185,15.55,47.09,21.07,7.37,0.1,2.075,1.74,2.415,1.155,0.945,0.185,15.55,5024,Bentiaba,0,0,0,0,0,0,0,0,0,0,0,0
45.715,22.4,7.3,0.145,1.475,1.69,2.585,0.74,0.875,0.165,16.65,45.715,22.4,7.3,0.145,1.475,1.69,2.585,0.74,0.875,0.165,16.65,5025,Giraul,0,0,0,0,0,0,0,0,0,0,0,0
44.875,22.24,8.455,0.085,2.09,2.165,1.02,0.34,0.595,0.11,17.85,44.875,22.24,8.455,0.085,2.09,2.165,1.02,0.34,0.595,0.11,17.85,5026,Curoca,NaN,NaN,NaN,NaN,NaN,NaN,NaN,NaN,NaN,NaN,NaN,NaN
60.5,26.3,7.8,0.0815965250491635,0.9,1.7,1.2,0.459926913138246,0.5,0.1309263,14.64,59.4562011688837,25.8378672535681,7.8643407653706,0.0822203052062166,0.901832845292838,1.65999726233742,1.15909237104447,0.459926913138246,0.53999406786292,0.273889192452649,14.64,5028,Niger,40,23.7824804675535,10.3351469014272,3.12,0.0328881220824866,0.36,0.68,0.48,0.183970765255299,0.2,0.05237052,5.856
NaN,NaN,NaN,NaN,NaN,NaN,NaN,NaN,NaN,0.03927789,NaN,NaN,NaN,NaN,NaN,NaN,NaN,NaN,NaN,NaN,0.03927789,NaN,5029,Senegal,3,NaN,NaN,NaN,NaN,NaN,NaN,NaN,NaN,NaN,0.0011783367,NaN
31.9,2.5,1.6,0.05,31.7,2.5,0.5,0.4,NaN,0.05182105,28.5,31.9,2.5,1.6,0.05,31.7,2.5,0.5,0.4,NaN,0.05182105,28.5,5030,Sous,0,0,0,0,0,0,0,0,0,NaN,0,0
45.36,12.985,6.07,0.065,0.97,1.945,1.615,0.725,0.565,0.256862066674152,19.325,42.188,12.059,5.75,0.064,2.488,2.482,1.575,2.69,0.548,0.299321068417881,30.368,6001,Murray-Darling System,0,0,0,0,0,0,0,0,0,0,0,0
64.05,15.65,5.105,0.235,1.42,1.345,1.61,2.45,0.525,0.135,7.25,64.05,15.65,5.105,0.235,1.42,1.345,1.61,2.45,0.525,0.135,7.25,6002,Waihou,0.16,0.10248,0.02504,0.008168,0.000376,0.002272,0.002152,0.002576,0.00392,0.00084,0.000216,0.0116
68.1,14.1,2.29,0.07,1.82,0.54,2.3,3.7,0.42,0.13,6.6,68.1,14.1,2.29,0.07,1.82,0.54,2.3,3.7,0.42,0.13,6.6,6003,Kaituna,0.04,0.02724,0.00564,0.000916,2.8e-05,0.000728,0.000216,0.00092,0.00148,0.000168,5.2e-05,0.00264
70.9,13.4,3.32,0.06,1.65,0.88,2.4,3.79,0.5,0.08,2.8,70.9,13.4,3.32,0.06,1.65,0.88,2.4,3.79,0.5,0.08,2.8,6004,Whakatane,0.69,0.48921,0.09246,0.022908,0.000414,0.011385,0.006072,0.01656,0.026151,0.00345,0.000552,0.01932
70.8,13.4,3.92,0.05,1.2,1.29,2.52,3.15,0.56,0.11,2.6,70.8,13.4,3.92,0.05,1.2,1.29,2.52,3.15,0.56,0.11,2.6,6005,Motu,3.5,2.478,0.469,0.1372,0.00175,0.042,0.04515,0.0882,0.11025,0.0196,0.00385,0.091
73,11.9,3.51,0.03,1.67,1.2,2.13,2.93,0.51,0.1,3.3,73,11.9,3.51,0.03,1.67,1.2,2.13,2.93,0.51,0.1,3.3,6006,Waiapu,35,25.55,4.165,1.2285,0.0105,0.5845,0.42,0.7455,1.0255,0.1785,0.035,1.155
69.7,12.7,3.62,0.04,2,1.21,2.2,3.71,0.54,0.1,4.2,69.7,12.7,3.62,0.04,2,1.21,2.2,3.71,0.54,0.1,4.2,6007,Wairoa S,0,0,0,0,0,0,0,0,0,0,0,0
74.4,12.1,3,0.04,1.28,1,2.17,3.86,0.47,0.1,1.4,74.4,12.1,3,0.04,1.28,1,2.17,3.86,0.47,0.1,1.4,6008,Ngaruroro,1.3,0.9672,0.1573,0.039,0.00052,0.01664,0.013,0.02821,0.05018,0.00611,0.0013,0.0182
78.6,6.5,1.7,0.03,4.67,0.52,1.41,2.31,0.2,0.07,4.3,78.6,6.5,1.7,0.03,4.67,0.52,1.41,2.31,0.2,0.07,4.3,6009,Porangahau,0.41,0.32226,0.02665,0.00697,0.000123,0.019147,0.002132,0.005781,0.009471,0.00082,0.000287,0.01763
76.1,11,3.63,0.06,0.76,0.99,1.06,1.94,0.41,0.19,1.9,76.1,11,3.63,0.06,0.76,0.99,1.06,1.94,0.41,0.19,1.9,6010,Tiarnattanga,0,0,0,0,0,0,0,0,0,0,0,0
69.8,13.2,4.11,0.06,1.56,1.64,2.35,3.2,0.62,0.12,3.5,69.8,13.2,4.11,0.06,1.56,1.64,2.35,3.2,0.62,0.12,3.5,6011,Wairau,0.84,0.58632,0.11088,0.034524,0.000504,0.013104,0.013776,0.01974,0.02688,0.005208,0.001008,0.0294
70.7,12.8,3.68,0.06,2,1.32,2.42,3.61,0.65,0.15,2.2,70.7,12.8,3.68,0.06,2,1.32,2.42,3.61,0.65,0.15,2.2,6012,Clarence,NaN,NaN,NaN,NaN,NaN,NaN,NaN,NaN,NaN,NaN,NaN,NaN
69.35,14,4.11,0.05,1.79,1.415,2.415,3.76,0.625,0.17,2.2,69.35,14,4.11,0.05,1.79,1.415,2.415,3.76,0.625,0.17,2.2,6013,Waiau ,0,0,0,0,0,0,0,0,0,0,0,0
72.6,13,3.67,0.05,1.27,1.2,2.57,3.67,0.62,0.12,2.15,72.6,13,3.67,0.05,1.27,1.2,2.57,3.67,0.62,0.12,2.15,6014,Hurunui,0.53,0.38478,0.0689,0.019451,0.000265,0.006731,0.00636,0.013621,0.019451,0.003286,0.000636,0.011395
68,14.6,4.34,0.07,1.86,1.78,2.79,2.63,0.69,0.19,2.81,68,14.6,4.34,0.07,1.86,1.78,2.79,2.63,0.69,0.19,2.81,6015,Rakaia,4.2,2.856,0.6132,0.18228,0.00294,0.07812,0.07476,0.11718,0.11046,0.02898,0.00798,0.11802
68.7,14.1,4.25,0.06,2.23,1.64,2.5,3.59,0.69,0.2,2.5,68.7,14.1,4.25,0.06,2.23,1.64,2.5,3.59,0.69,0.2,2.5,6016,Rangitata,1.6,1.0992,0.2256,0.068,0.00096,0.03568,0.02624,0.04,0.05744,0.01104,0.0032,0.04
73.1,12,3.47,0.06,2.08,1.08,1.87,3.35,0.65,0.14,2.4,73.1,12,3.47,0.06,2.08,1.08,1.87,3.35,0.65,0.14,2.4,6017,Waitaki,0.34,0.24854,0.0408,0.011798,0.000204,0.007072,0.003672,0.006358,0.01139,0.00221,0.000476,0.00816
71.2,12.9,3.74,0.08,1.51,1.06,1.95,3.48,0.6,0.15,3.81,71.2,12.9,3.74,0.08,1.51,1.06,1.95,3.48,0.6,0.15,3.81,6018,Taieri,0.32,0.22784,0.04128,0.011968,0.000256,0.004832,0.003392,0.00624,0.011136,0.00192,0.00048,0.012192
71.7,12.7,3.48,0.07,1.08,1.03,1.37,4.31,0.56,0.17,1.3,71.7,12.7,3.48,0.07,1.08,1.03,1.37,4.31,0.56,0.17,1.3,6019,Clutha,0.39,0.27963,0.04953,0.013572,0.000273,0.004212,0.004017,0.005343,0.016809,0.002184,0.000663,0.00507
75.8,10.5,3.33,0.07,2.34,0.97,1.09,3.39,0.54,0.09,2.4,75.8,10.5,3.33,0.07,2.34,0.97,1.09,3.39,0.54,0.09,2.4,6020,Mataura,0.69,0.52302,0.07245,0.022977,0.000483,0.016146,0.006693,0.007521,0.023391,0.003726,0.000621,0.01656
71.9,13.1,3.92,0.06,1.9,1.32,1.66,4.17,0.78,0.22,1.7,71.9,13.1,3.92,0.06,1.9,1.32,1.66,4.17,0.78,0.22,1.7,6022,Hokitika,6.2,4.4578,0.8122,0.24304,0.00372,0.1178,0.08184,0.10292,0.25854,0.04836,0.01364,0.1054
74.4,10.8,4.02,0.07,1.49,1.61,1.69,2.8,0.65,0.13,2,74.4,10.8,4.02,0.07,1.49,1.61,1.69,2.8,0.65,0.13,2,6023,Grey,2.1,1.5624,0.2268,0.08442,0.00147,0.03129,0.03381,0.03549,0.0588,0.01365,0.00273,0.042
74.5,12.2,3.15,0.04,1.2,1.26,2.57,2.92,0.54,0.12,2.1,74.5,12.2,3.15,0.04,1.2,1.26,2.57,2.92,0.54,0.12,2.1,6024,Buller,2.7,2.0115,0.3294,0.08505,0.00108,0.0324,0.03402,0.06939,0.07884,0.01458,0.00324,0.0567
73.7,12.4,3.02,0.05,1.38,1.06,2.93,3.32,0.55,0.18,1.7,73.7,12.4,3.02,0.05,1.38,1.06,2.93,3.32,0.55,0.18,1.7,6025,Karamea,0.15,0.11055,0.0186,0.00453,7.5e-05,0.00207,0.00159,0.004395,0.00498,0.000825,0.00027,0.00255
71.8,13,3.23,0.05,1.59,1.14,3.35,3.4,0.65,0.31,2.2,71.8,13,3.23,0.05,1.59,1.14,3.35,3.4,0.65,0.31,2.2,6026,Takaka,0.07,0.05026,0.0091,0.002261,3.5e-05,0.001113,0.000798,0.002345,0.00238,0.000455,0.000217,0.00154
70.4,11.5,5.36,0.08,0.96,2.12,2.15,1.7,0.85,0.12,4.4,70.4,11.5,5.36,0.08,0.96,2.12,2.15,1.7,0.85,0.12,4.4,6027,Motueka,0.35,0.2464,0.04025,0.01876,0.00028,0.00336,0.00742,0.007525,0.00595,0.002975,0.00042,0.0154
66.5,13.1,4.45,0.07,2.39,3.4,2.03,3.76,0.63,0.17,3.8,66.5,13.1,4.45,0.07,2.39,3.4,2.03,3.76,0.63,0.17,3.8,6028,Manawatu,3.8,2.527,0.4978,0.1691,0.00266,0.09082,0.1292,0.07714,0.14288,0.02394,0.00646,0.1444
0.8,14.6,4.54,0.07,1.29,1.3,2.45,3.29,0.66,0.16,5.1,0.8,14.6,4.54,0.07,1.29,1.3,2.45,3.29,0.66,0.16,5.1,6029,Wanganui,0,0,0,0,0,0,0,0,0,0,0,0
62,14.5,6.71,0.1,1.78,1.93,2.17,3.21,0.85,0.15,6.6,62,14.5,6.71,0.1,1.78,1.93,2.17,3.21,0.85,0.15,6.6,6030,Patea,0.31,0.1922,0.04495,0.020801,0.00031,0.005518,0.005983,0.006727,0.009951,0.002635,0.000465,0.02046
69.7,12.8,4.74,0.07,2.17,1.53,1.88,3.68,0.74,0.13,2.78,69.7,12.8,4.74,0.07,2.17,1.53,1.88,3.68,0.74,0.13,2.78,6031,Waitara,0.97,0.67609,0.12416,0.045978,0.000679,0.021049,0.014841,0.018236,0.035696,0.007178,0.001261,0.026966
61.2,15.7,6.16,0.1,1.99,1,2.5,3.25,0.81,0.2,4,61.2,15.7,6.16,0.1,1.99,1,2.5,3.25,0.81,0.2,4,6032,Mokau,0.66,0.40392,0.10362,0.040656,0.00066,0.013134,0.0066,0.0165,0.02145,0.005346,0.00132,0.0264
63.7,14.9,5.33,0.1,0.93,1.44,2.23,2.77,0.67,0.130188415,7.8,63.7,14.9,5.33,0.1,0.93,1.44,2.23,2.77,0.67,0.130188415,7.8,6033,Waikato,0.37,0.23569,0.05513,0.019721,0.00037,0.003441,0.005328,0.008251,0.010249,0.002479,0.0004816971355,0.02886
67,15.8,3.7,0.08,4,1.18,1.54,4.91,0.43,0.1,1.45,67,15.8,3.7,0.08,4,1.18,1.54,4.91,0.43,0.1,1.45,6034,Wairoa ,0,0,0,0,0,0,0,0,0,0,0,0
63.8,14,7.5,0.18,3.16,2.14,1.11,2.05,0.9,0.12,3.4,65.5333333333333,12.9333333333333,7.39,0.16,3.31,2.24666666666667,1.17666666666667,2.58666666666667,1.04333333333333,0.123333333333333,3.86666666666667,6035,Waiau South,0,0,0,0,0,0,0,0,0,0,0,0
18.0254535885966,14.3331885815993,9.75564682392738,NaN,7.83362022719991,5.32199358744751,0.499706413442438,2.92326782654878,NaN,NaN,NaN,15.0212113238305,11.2915059489732,8.30609272081815,NaN,6.46661298221214,4.58663993526091,0.520547138036998,2.39016579340762,NaN,NaN,NaN,6036,Cleddau,0,0,0,0,NaN,0,0,0,0,NaN,NaN,NaN
58.0371211002933,13.9020139215608,5.11427662120603,0.0599852477284084,6.33550027214178,3.44954530077806,3.15498147918381,0.49996158289266,0.665012410176345,0.210118211543441,14.43,58.0371211002933,13.9020139215608,5.11427662120603,0.0599852477284084,6.33550027214178,3.44954530077806,3.15498147918381,0.49996158289266,0.665012410176345,0.210118211543441,14.43,8001,Mackenzie,0,0,0,0,0,0,0,0,0,0,0,0
NaN,19.1,13.3,0.15,2.735,5.745,3.25,1.59,1.45,NaN,9.05,NaN,19.1,13.3,0.15,2.735,5.745,3.25,1.59,1.45,NaN,8.85,8006,Zackenbergelven,0,NaN,0,0,0,0,0,0,0,0,NaN,0
47.6710330117941,12.6639345036665,10.1272030344579,0.130026586369547,4.4905491946982,2.82968181004119,2.33994702143114,1.93015635088703,1.19998398686923,0.07855578,14.96,47.6710330117941,12.6639345036665,10.1272030344579,0.130026586369547,4.4905491946982,2.82968181004119,2.33994702143114,1.93015635088703,1.19998398686923,0.198204166604526,14.96,8007,St Lawrence,0,0,0,0,0,0,0,0,0,0,0,0
53.1021159980233,13.8941636388028,5.91836530446805,0.0398989227290863,5.84076417970592,2.8195663277151,2.61989743985101,0.379992370497279,0.69006585400028,0.180101324180092,14.23,53.1021159980233,13.8941636388028,5.91836530446805,0.0398989227290863,5.84076417970592,2.8195663277151,2.61989743985101,0.379992370497279,0.69006585400028,0.180101324180092,14.23,8008,Red Arctic,0,0,0,0,0,0,0,0,0,0,0,0
62.9457533496349,12.5137222225371,5.28856945554471,0.0499704954568168,2.66027331709344,2.31976200425845,2.26995941682618,0.549971220868712,0.759956497661416,0.2499879703314,10.23,62.9457533496349,12.5137222225371,5.28856945554471,0.0499704954568168,2.66027331709344,2.31976200425845,2.26995941682618,0.549971220868712,0.759956497661416,0.2499879703314,10.23,8009,Peel,0,0,0,0,0,0,0,0,0,0,0,0
NaN,13.495,5.11,0.1475,1.9,2.035,2.615,2.14,0.639,NaN,NaN,NaN,13.495,5.11,0.1475,1.9,2.035,2.615,2.14,0.639,NaN,NaN,8011,Lena,20,NaN,2.699,1.022,0.0295,0.38,0.407,0.523,0.428,0.1278,NaN,NaN
NaN,8.17,15.17,0.27,1.97,1.18,1.08,0.53,0.39,1.21,NaN,NaN,8.17,15.17,0.27,1.97,1.18,1.08,0.53,0.39,1.21,NaN,8012,Ob,0,NaN,0,0,0,0,0,0,0,0,0,NaN
48.5553,8.8783,6.721,0.5656,2.288,1.935,1.09655,0.93,0.5626,0.66439,NaN,48.5553,8.8783,6.721,0.5656,2.288,1.935,1.09655,0.93,0.5626,0.66439,NaN,8013,Yenisey,0,0,0,0,0,0,0,0,0,0,0,NaN
NaN,12.98,5.43,0.097,0.75,1.37,2.62,2.1,0.734,NaN,NaN,NaN,12.98,5.43,0.097,0.75,1.37,2.62,2.1,0.734,NaN,NaN,8014,Yana,3,NaN,0.3894,0.1629,0.00291,0.0225,0.0411,0.0786,0.063,0.02202,NaN,NaN
NaN,13.07,8.75,0.156,4.33,4.21,1.26,1.35,0.929,NaN,NaN,NaN,13.07,8.75,0.156,4.33,4.21,1.26,1.35,0.929,NaN,NaN,8015,Khatanga,1.7,NaN,0.22219,0.14875,0.002652,0.07361,0.07157,0.02142,0.02295,0.015793,NaN,NaN
67.481415,12.5455,5.573425,0.235123375,3.19317,2.0325,2.16432,1.127925,0.6880695,0.286375,NaN,65.31746,13.0221666666667,5.46855833333333,0.243299708333333,3.19317,2.0325,2.13632,1.127925,0.6783695,0.282556666666667,NaN,8016,Srednyaya Dvina,0,0,0,0,0,0,0,0,0,0,0,NaN
NaN,9.74664343368683,8.32894709584817,0.207018200944621,0.97795838905653,0.895844774016613,1.46188512580827,1.08110679070203,2.98206562532625,0.78605007201083,NaN,NaN,7.61215611921831,9.08109374193487,0.261615657965413,1.10764785850444,1.06046250853883,1.20509301362186,1.01240460258912,2.46502102436957,0.932169784148922,NaN,8018,Pur,0,NaN,0,0,0,0,0,0,0,0,0,NaN
NaN,8.29448370858659,7.20369403668312,1.37097604782075,1.22029552885,1.10987079627666,1.08571816754939,0.689897229124943,2.40124229913416,1.01482708046653,NaN,NaN,8.79313556573454,7.38697655587309,1.22695979042723,1.41250448632447,1.06131180735483,1.10489764663353,0.688154190035709,2.56621143878901,0.984638209223323,NaN,8019,Taz,0.6,NaN,0.0527588133944072,0.0432221642200987,0.0073617587425634,0.00732177317309999,0.00665922477765994,0.00651430900529636,0.00413938337474966,0.014407453794805,0.0060889624827992,NaN
51.15,13.98,13.9999986,0.212,10.3,5.69,0.44,2.51,2.45,0.28,NaN,51.2236170212766,13.9451063829787,14.201889832766,0.217744680851064,10.2182978723404,5.83,0.44,2.47425531914894,2.45617021276596,0.282978723404255,NaN,8021,Jokulsa á dál,0,0,0,0,0,0,0,0,0,0,0,NaN
49,14.8,18.59999814,0.272,6.36,6.21,0.86,2.02,2.76,0.56,NaN,49.0447058823529,14.7311764705882,17.4814797333333,0.287882352941177,6.51823529411765,6.28294117647059,0.87,2.00588235294118,2.83352941176471,0.568235294117647,NaN,8022,Lagarfljót,0,0,0,0,0,0,0,0,0,0,0,NaN
51.2,13.36,19.437414863182,0.23,7.87,4.22,0.7,1.5,3.1,0.31,NaN,51.5042857142857,13.42,19.1818056339921,0.225714285714286,7.87285714285714,4.16714285714286,0.72,1.52857142857143,2.97428571428571,0.321428571428571,NaN,8023,Olfusa,0.9,0.463538571428572,0.12078,0.174936733768638,0.00203142857142857,0.07083,0.03798,0.0063,0.0135,0.0279,0.00279,NaN
44.9256480524732,9.82520580971977,6.24505849738288,0.24843212728402,1.46914583860943,1.16079305381437,NaN,NaN,NaN,NaN,NaN,45.4390840302157,10.5809908720059,5.97626934960175,0.28088497274004,1.60719890788829,1.1895365008612,NaN,NaN,NaN,NaN,NaN,3012,Tagus,0.4,0.181756336120863,0.0423239634880236,0.0249802339895315,0.00112353989096016,0.00587658335443773,0.00464317221525746,NaN,NaN,NaN,NaN,NaN
NaN,NaN,NaN,NaN,NaN,NaN,NaN,NaN,NaN,NaN,NaN,NaN,NaN,NaN,NaN,NaN,NaN,NaN,NaN,NaN,NaN,NaN,2025,Altamaha,1,NaN,NaN,NaN,NaN,NaN,NaN,NaN,NaN,NaN,NaN,NaN
NaN,NaN,NaN,NaN,NaN,NaN,NaN,NaN,NaN,NaN,NaN,NaN,NaN,NaN,NaN,NaN,NaN,NaN,NaN,NaN,NaN,NaN,2029,Suwannee,NaN,NaN,NaN,NaN,NaN,NaN,NaN,NaN,NaN,NaN,NaN,NaN
NaN,NaN,NaN,NaN,NaN,NaN,NaN,NaN,NaN,0.023566734,NaN,NaN,NaN,NaN,NaN,NaN,NaN,NaN,NaN,NaN,0.023566734,NaN,2047,Colorado,0.1,NaN,NaN,NaN,NaN,NaN,NaN,NaN,NaN,NaN,2.3566734e-05,NaN
NaN,NaN,NaN,NaN,NaN,NaN,NaN,NaN,NaN,NaN,NaN,NaN,NaN,NaN,NaN,NaN,NaN,NaN,NaN,NaN,NaN,NaN,2068,Columbia River,0,NaN,NaN,NaN,NaN,NaN,NaN,NaN,NaN,NaN,NaN,NaN
NaN,NaN,NaN,NaN,NaN,NaN,NaN,NaN,NaN,NaN,NaN,NaN,NaN,NaN,NaN,NaN,NaN,NaN,NaN,NaN,NaN,NaN,2073,Savannah River,0,NaN,NaN,NaN,NaN,NaN,NaN,NaN,NaN,NaN,NaN,NaN
NaN,NaN,NaN,NaN,NaN,NaN,NaN,NaN,NaN,NaN,NaN,NaN,NaN,NaN,NaN,NaN,NaN,NaN,NaN,NaN,NaN,NaN,2079,Pee Dee,0,NaN,NaN,NaN,NaN,NaN,NaN,NaN,NaN,NaN,NaN,NaN
NaN,NaN,NaN,NaN,NaN,NaN,NaN,NaN,NaN,NaN,NaN,NaN,NaN,NaN,NaN,NaN,NaN,NaN,NaN,NaN,NaN,NaN,3003,Somme,NaN,NaN,NaN,NaN,NaN,NaN,NaN,NaN,NaN,NaN,NaN,NaN
NaN,NaN,NaN,NaN,NaN,NaN,NaN,NaN,NaN,NaN,NaN,NaN,NaN,NaN,NaN,NaN,NaN,NaN,NaN,NaN,NaN,NaN,3005,Meuse,0,NaN,NaN,NaN,NaN,NaN,NaN,NaN,NaN,NaN,NaN,NaN
NaN,NaN,NaN,NaN,NaN,NaN,NaN,NaN,NaN,NaN,NaN,NaN,NaN,NaN,NaN,NaN,NaN,NaN,NaN,NaN,NaN,NaN,3006,Ems,NaN,NaN,NaN,NaN,NaN,NaN,NaN,NaN,NaN,NaN,NaN,NaN
NaN,3.72224143175922,2.88019009683558,0.16837603637129,7.09387562071412,2.00651370730769,NaN,NaN,NaN,0.06109894,NaN,NaN,3.72224143175922,2.88019009683558,0.16837603637129,7.09387562071412,2.00651370730769,NaN,NaN,NaN,0.06109894,NaN,3009,Po,10,NaN,0.372224143175922,0.288019009683558,0.016837603637129,0.709387562071412,0.200651370730769,NaN,NaN,NaN,0.006109894,NaN
NaN,NaN,NaN,NaN,NaN,NaN,NaN,NaN,NaN,0.036222943,NaN,NaN,NaN,NaN,NaN,NaN,NaN,NaN,NaN,NaN,0.036222943,NaN,3026,Adour,0.29,NaN,NaN,NaN,NaN,NaN,NaN,NaN,NaN,NaN,0.0001050465347,NaN
NaN,NaN,NaN,NaN,NaN,NaN,NaN,NaN,NaN,NaN,NaN,NaN,NaN,NaN,NaN,NaN,NaN,NaN,NaN,NaN,NaN,NaN,3027,Bug,0,NaN,NaN,NaN,NaN,NaN,NaN,NaN,NaN,NaN,NaN,NaN
NaN,NaN,NaN,NaN,NaN,NaN,NaN,NaN,NaN,0.029676628,NaN,NaN,NaN,NaN,NaN,NaN,NaN,NaN,NaN,NaN,0.029676628,NaN,3028,Daugava,0.47,NaN,NaN,NaN,NaN,NaN,NaN,NaN,NaN,NaN,0.0001394801516,NaN
NaN,NaN,NaN,NaN,NaN,NaN,NaN,NaN,NaN,NaN,NaN,NaN,NaN,NaN,NaN,NaN,NaN,NaN,NaN,NaN,NaN,NaN,3029,Dnepr,2.3,NaN,NaN,NaN,NaN,NaN,NaN,NaN,NaN,NaN,NaN,NaN
NaN,NaN,NaN,NaN,NaN,NaN,NaN,NaN,NaN,NaN,NaN,NaN,NaN,NaN,NaN,NaN,NaN,NaN,NaN,NaN,NaN,NaN,3030,Don (Russia),0,NaN,NaN,NaN,NaN,NaN,NaN,NaN,NaN,NaN,NaN,NaN
NaN,NaN,NaN,NaN,NaN,NaN,NaN,NaN,NaN,NaN,NaN,NaN,NaN,NaN,NaN,NaN,NaN,NaN,NaN,NaN,NaN,NaN,3031,Fyris,0,NaN,NaN,NaN,NaN,NaN,NaN,NaN,NaN,NaN,NaN,NaN
NaN,NaN,NaN,NaN,NaN,NaN,NaN,NaN,NaN,NaN,NaN,NaN,NaN,NaN,NaN,NaN,NaN,NaN,NaN,NaN,NaN,NaN,3032,Kuban,8.4,NaN,NaN,NaN,NaN,NaN,NaN,NaN,NaN,NaN,NaN,NaN
NaN,NaN,NaN,NaN,NaN,NaN,NaN,NaN,NaN,0.027058102,NaN,NaN,NaN,NaN,NaN,NaN,NaN,NaN,NaN,NaN,0.027058102,NaN,3033,Roini,0,NaN,NaN,NaN,NaN,NaN,NaN,NaN,NaN,NaN,0,NaN
NaN,NaN,NaN,NaN,NaN,NaN,NaN,NaN,NaN,0.0872842,NaN,NaN,NaN,NaN,NaN,NaN,NaN,NaN,NaN,NaN,0.0872842,NaN,4028,Mekong,110,NaN,NaN,NaN,NaN,NaN,NaN,NaN,NaN,NaN,0.09601262,NaN
NaN,NaN,NaN,NaN,NaN,NaN,NaN,NaN,NaN,NaN,NaN,NaN,NaN,NaN,NaN,NaN,NaN,NaN,NaN,NaN,NaN,NaN,5027,Nile,0.2,NaN,NaN,NaN,NaN,NaN,NaN,NaN,NaN,NaN,NaN,NaN
NaN,NaN,NaN,NaN,NaN,NaN,NaN,NaN,NaN,0.0429874685,NaN,NaN,NaN,NaN,NaN,NaN,NaN,NaN,NaN,NaN,0.0429874685,NaN,5032,Gambia,0.2,NaN,NaN,NaN,NaN,NaN,NaN,NaN,NaN,NaN,8.5974937e-05,NaN
NaN,NaN,NaN,NaN,NaN,NaN,NaN,NaN,NaN,NaN,NaN,NaN,NaN,NaN,NaN,NaN,NaN,NaN,NaN,NaN,NaN,NaN,5033,Medjerda,0,NaN,NaN,NaN,NaN,NaN,NaN,NaN,NaN,NaN,NaN,NaN
NaN,NaN,NaN,NaN,NaN,NaN,NaN,NaN,NaN,NaN,NaN,NaN,NaN,NaN,NaN,NaN,NaN,NaN,NaN,NaN,NaN,NaN,5034,Ogooue,NaN,NaN,NaN,NaN,NaN,NaN,NaN,NaN,NaN,NaN,NaN,NaN
NaN,NaN,NaN,NaN,NaN,NaN,NaN,NaN,NaN,NaN,NaN,NaN,NaN,NaN,NaN,NaN,NaN,NaN,NaN,NaN,NaN,NaN,5035,Sanaga,6,NaN,NaN,NaN,NaN,NaN,NaN,NaN,NaN,NaN,NaN,NaN
NaN,NaN,NaN,NaN,NaN,NaN,NaN,NaN,NaN,0.041896416,NaN,NaN,NaN,NaN,NaN,NaN,NaN,NaN,NaN,NaN,0.041896416,NaN,5036,Sebou,2,NaN,NaN,NaN,NaN,NaN,NaN,NaN,NaN,NaN,0.00083792832,NaN
NaN,NaN,NaN,NaN,NaN,NaN,NaN,NaN,NaN,NaN,NaN,NaN,NaN,NaN,NaN,NaN,NaN,NaN,NaN,NaN,NaN,NaN,8005,Yukon,54,NaN,NaN,NaN,NaN,NaN,NaN,NaN,NaN,NaN,NaN,NaN
24.067125,3.88449708333333,8.45905833333333,0.458541538461538,2.60018,1.66893012820513,1.44010606741573,1.1458,0.158274615384615,1.48941,NaN,22.4572342561749,4.76519633864785,10.382896163117,0.470874610177316,4.04453670827137,1.89273521583597,1.41987296915197,1.33200090593877,0.258901736875728,3.00259060652952,NaN,8017,Kola,NaN,NaN,NaN,NaN,NaN,NaN,NaN,NaN,NaN,NaN,NaN,NaN
NaN,NaN,NaN,NaN,NaN,NaN,NaN,NaN,NaN,NaN,NaN,NaN,NaN,NaN,NaN,NaN,NaN,NaN,NaN,NaN,NaN,NaN,8030,Eastmain,NaN,NaN,NaN,NaN,NaN,NaN,NaN,NaN,NaN,NaN,NaN,NaN
NaN,NaN,NaN,NaN,NaN,NaN,NaN,NaN,NaN,NaN,NaN,NaN,NaN,NaN,NaN,NaN,NaN,NaN,NaN,NaN,NaN,NaN,8031,La Grande,0,NaN,NaN,NaN,NaN,NaN,NaN,NaN,NaN,NaN,NaN,NaN
NaN,NaN,NaN,NaN,NaN,NaN,NaN,NaN,NaN,NaN,NaN,NaN,NaN,NaN,NaN,NaN,NaN,NaN,NaN,NaN,NaN,NaN,8032,Moose,0.4,NaN,NaN,NaN,NaN,NaN,NaN,NaN,NaN,NaN,NaN,NaN
NaN,NaN,NaN,NaN,NaN,NaN,NaN,NaN,NaN,NaN,NaN,NaN,NaN,NaN,NaN,NaN,NaN,NaN,NaN,NaN,NaN,NaN,8033,Pechora,4.4,NaN,NaN,NaN,NaN,NaN,NaN,NaN,NaN,NaN,NaN,NaN
NaN,NaN,NaN,NaN,NaN,NaN,NaN,NaN,NaN,NaN,NaN,NaN,NaN,NaN,NaN,NaN,NaN,NaN,NaN,NaN,NaN,NaN,8034,Seal,NaN,NaN,NaN,NaN,NaN,NaN,NaN,NaN,NaN,NaN,NaN,NaN
